id,name,email,department,dob,gender,salary,years_of_experience,location,employment_type,joining_date
1,Melanie Marsh,brittany60@example.net,Finance,1984-08-17,Female,134433,13,Chennai,Intern,2024-04-24
2,Jessica Mays,bcarr@example.org,HR,1971-07-13,Male,74586,20,Chennai,Contract,2019-05-08
3,Brandy Andrews MD,pmanning@example.net,HR,1970-11-13,Female,110124,12,Bangalore,Intern,2016-04-09
4,Brian Braun,kellybecker@example.net,HR,1974-04-06,Male,53318,32,Hyderabad,Full-time,2021-01-09
5,Jennifer Adams,btaylor@example.org,Finance,1972-08-19,Male,122867,31,Chennai,Contract,2022-07-22
6,Jamie Kirk,krista66@example.com,IT,1986-08-21,Male,130239,30,Chennai,Part-time,2020-04-22
7,Jerry Sanchez,yclark@example.org,Finance,1999-03-06,Male,4198,31,Chennai,Contract,2021-08-23
8,Mr. Patrick Johnson,brandonsandoval@example.org,Sales,1985-10-12,Other,112832,26,Bangalore,Part-time,2021-08-14
9,David Estes,gravesmichelle@example.com,Sales,1998-11-10,Female,58015,32,Hyderabad,Full-time,2018-04-05
10,Elizabeth Wilkins,kellermatthew@example.org,Support,2000-03-10,Other,4389,19,Chennai,Intern,2017-12-06
11,Natalie Flores,wyatttodd@example.com,Finance,1985-04-12,Male,11306,1,Hyderabad,Full-time,2019-02-25
12,Andrew Brock,leslie96@example.org,Finance,1986-01-14,Female,9211,27,Bangalore,Full-time,2020-01-07
13,Lance King,bcarroll@example.org,Marketing,1995-09-24,Female,51500,35,Chennai,Contract,2020-01-14
14,Misty Santana,smithjames@example.org,Support,1967-04-02,Male,2548,16,Hyderabad,Part-time,2021-10-24
15,James Coleman,christina31@example.net,IT,1979-04-27,Female,85762,35,Hyderabad,Contract,2020-01-22
16,Diane Roberts,wlarson@example.net,Sales,2003-04-24,Male,62708,7,Chennai,Full-time,2018-04-09
17,Kathy Sandoval,steveeaton@example.com,Support,1974-11-16,Female,6339,12,Pune,Part-time,2022-11-08
18,Douglas Avila,nwilson@example.net,HR,1999-03-18,Male,142796,16,Pune,Part-time,2024-11-01
19,Catherine Gutierrez,amoore@example.net,Sales,1993-07-31,Other,73361,14,Hyderabad,Part-time,2017-01-14
20,Christie Robinson,gailtran@example.net,HR,1990-07-04,Other,66166,13,Hyderabad,Full-time,2015-11-16
21,Shawn Williams,gabriellebates@example.com,Finance,1996-11-25,Male,10619,8,Pune,Full-time,2024-05-06
22,Jonathan Hernandez,whitakertabitha@example.com,HR,1981-12-21,Other,94874,17,Pune,Full-time,2016-06-23
23,Nicole Lowe,leekathryn@example.org,HR,1964-11-05,Male,72551,6,Pune,Part-time,2017-08-02
24,Robert Hill,maryfischer@example.org,Sales,1974-11-21,Other,53089,27,Delhi,Contract,2025-03-13
25,Joseph Ray,aburns@example.com,Marketing,1996-05-28,Female,53913,29,Pune,Part-time,2018-03-31
26,Anthony Lam,jmitchell@example.net,Support,1967-03-15,Female,9775,35,Bangalore,Part-time,2017-10-12
27,Destiny Zavala,milesernest@example.net,Finance,1977-03-25,Male,4491,6,Pune,Intern,2016-12-17
28,Robert Rice,baileyamanda@example.net,Support,1972-06-25,Other,8582,8,Delhi,Contract,2025-03-31
29,Dominique Ibarra,carol68@example.net,Finance,1975-08-05,Other,9433,8,Hyderabad,Part-time,2019-07-11
30,Dana Hernandez,awashington@example.org,Sales,1974-02-18,Female,132163,12,Chennai,Intern,2020-10-31
31,Stephanie Holder,jzamora@example.org,Sales,1983-12-09,Other,47672,26,Hyderabad,Part-time,2016-11-03
32,Suzanne Harris,blewis@example.org,IT,1993-06-15,Female,91754,28,Bangalore,Contract,2020-05-14
33,Mrs. Jessica Wolfe,gary71@example.net,IT,1984-01-31,Female,119814,25,Delhi,Intern,2015-09-22
34,Kristen Allen,marcgaines@example.org,HR,1999-07-25,Female,99502,9,Chennai,Contract,2019-09-10
35,Susan Jones,debra36@example.net,HR,1990-02-01,Male,143709,10,Pune,Full-time,2024-04-01
36,Timothy Sheppard,bentonrichard@example.org,HR,1966-12-12,Female,114882,12,Mumbai,Part-time,2023-08-13
37,Brian Gomez,angela49@example.com,Marketing,1975-11-22,Male,30149,13,Chennai,Full-time,2016-10-07
38,Shawna Torres,kylie64@example.org,Sales,1989-12-21,Other,35434,23,Mumbai,Contract,2017-07-29
39,Martha Sheppard,laurenlewis@example.com,HR,1985-01-22,Male,148715,16,Chennai,Full-time,2021-01-18
40,Patricia Parker,thomas78@example.com,IT,1990-02-01,Female,75211,27,Bangalore,Contract,2019-11-11
41,Diana Jones,donna17@example.com,IT,1999-10-02,Female,78283,27,Chennai,Intern,2017-12-09
42,Anthony Holland,amandarojas@example.net,IT,1970-04-13,Female,60518,19,Bangalore,Intern,2024-07-12
43,Edgar James,kimberly43@example.net,IT,2002-12-02,Female,105279,2,Mumbai,Intern,2022-01-27
44,Kimberly Davis,ellismark@example.net,IT,2000-07-31,Female,91045,2,Chennai,Full-time,2018-06-02
45,Melanie Burke,wsolis@example.net,IT,1993-09-08,Other,148957,28,Delhi,Part-time,2020-04-01
46,Virginia Robinson,samantha72@example.com,Sales,1973-05-11,Male,58720,0,Mumbai,Full-time,2018-12-21
47,Elizabeth Hunt,troyryan@example.net,Support,1966-06-27,Other,8784,6,Chennai,Full-time,2023-11-22
48,Danielle Hart,cathy05@example.net,Support,1965-11-09,Female,117745,20,Delhi,Contract,2020-11-14
49,Denise Pineda,martingabriela@example.net,Support,1988-05-27,Other,3531,13,Bangalore,Part-time,2024-08-08
50,David Gonzalez,wparrish@example.org,IT,1979-10-02,Other,89620,23,Hyderabad,Full-time,2016-05-11
51,Joyce Brown,amanda16@example.org,Support,1993-09-08,Male,1386,17,Chennai,Full-time,2021-12-04
52,Christopher Wilson,antonio73@example.org,HR,1979-08-02,Other,79155,4,Chennai,Intern,2023-12-08
53,Cindy Stein,christine38@example.net,Support,1973-10-21,Other,1428,9,Bangalore,Part-time,2025-05-22
54,Robert Pena,coopermatthew@example.com,IT,1986-01-21,Male,110501,30,Hyderabad,Contract,2020-04-13
55,Jasmine Wilson,virginiaalvarez@example.net,HR,1964-11-15,Other,31378,32,Delhi,Full-time,2023-12-25
56,Andrew Walton,ebrewer@example.org,Marketing,1985-05-15,Female,125948,21,Mumbai,Contract,2022-08-19
57,Ruben Young,chrishudson@example.org,Finance,1985-04-05,Female,6605,29,Hyderabad,Contract,2024-02-03
58,Amanda Lambert,caitlinaguilar@example.com,Marketing,2003-04-02,Other,84232,31,Chennai,Intern,2024-09-28
59,Jennifer Mack,kholmes@example.net,HR,1984-09-23,Male,43245,3,Delhi,Full-time,2020-04-02
60,Douglas Herman,bridgetshah@example.net,Support,1967-07-17,Female,1106,0,Chennai,Contract,2019-08-18
61,Marissa Hobbs,kendrabrown@example.com,HR,2001-04-08,Female,32255,19,Pune,Part-time,2024-08-28
62,Rebecca Bruce,schmidtcynthia@example.net,IT,1969-11-16,Male,10008,22,Mumbai,Intern,2020-06-21
63,Jennifer Davis,anthonykeller@example.com,Finance,1986-09-30,Male,7594,6,Delhi,Part-time,2017-03-21
64,Christopher Munoz,hailey10@example.com,Sales,1981-07-19,Male,107851,28,Hyderabad,Full-time,2016-08-10
65,Ashley Mcdaniel,brandi31@example.org,HR,1966-03-22,Female,109688,7,Delhi,Intern,2021-02-15
66,Robert Landry,wallerjason@example.net,HR,1982-09-19,Other,75933,7,Bangalore,Part-time,2019-07-10
67,Robert Barrett,mmcconnell@example.net,Finance,1985-09-25,Male,19178,18,Chennai,Intern,2019-01-10
68,Kimberly Salazar,wgarcia@example.net,Support,1967-03-24,Female,1052,24,Chennai,Full-time,2021-02-15
69,Lisa Luna,kmccarty@example.org,Finance,1996-05-20,Female,68232,29,Bangalore,Contract,2025-07-12
70,Teresa Caldwell,ygarcia@example.org,Finance,1984-07-01,Other,121547,7,Bangalore,Part-time,2020-04-09
71,Thomas Norman,taylornicholas@example.com,Marketing,1974-07-27,Other,77713,26,Mumbai,Intern,2020-10-22
72,Robert Durham,ashley69@example.org,Support,1985-02-22,Male,1165,20,Mumbai,Contract,2017-08-13
73,Richard Johns,matthewgonzalez@example.org,Marketing,1982-08-10,Female,100262,23,Bangalore,Part-time,2023-12-28
74,Amber Jones,stacy43@example.org,Finance,1967-09-03,Male,7147,28,Hyderabad,Intern,2023-05-27
75,Andre Fisher,yreyes@example.com,Finance,1983-01-13,Other,49513,25,Bangalore,Freelancer,2023-05-16
76,Joseph Lopez III,pcarroll@example.com,Support,2000-10-02,Other,552,27,Delhi,Intern,2022-12-05
77,Nicole Armstrong,wgrant@example.net,IT,1985-01-14,Female,120160,29,Mumbai,Contract,2015-11-13
78,Austin Spence,eevans@example.net,HR,1972-05-09,Other,128912,3,Hyderabad,Freelancer,2021-04-13
79,Larry Lawson,marythomas@example.com,Marketing,1996-01-03,Other,88657,35,Hyderabad,Freelancer,2024-08-05
80,Billy Valdez,ymartinez@example.org,Finance,1982-01-04,Other,2068,32,Pune,Intern,2019-04-20
81,Ronnie Burton,heatherbenitez@example.org,Sales,1999-07-05,Other,71055,12,Delhi,Part-time,2017-12-02
82,Kenneth Moore,kelly10@example.net,Marketing,1998-06-05,Other,131192,16,Pune,Part-time,2021-05-07
83,Adam Cardenas,michaellopez@example.org,IT,1979-07-10,Female,124138,23,Chennai,Intern,2023-01-19
84,Eric Hicks,jose87@example.net,Sales,1996-07-22,Female,84795,3,Pune,Contract,2016-03-23
85,Tony Perez PhD,bryantangela@example.org,HR,1993-03-24,Female,69555,15,Chennai,Full-time,2015-10-19
86,Ryan Johnson,gavin17@example.com,Support,2000-04-10,Male,77375,12,Bangalore,Freelancer,2022-07-18
87,Natalie Downs,walkersheila@example.org,Support,1969-10-11,Female,80843,1,Hyderabad,Intern,2016-03-26
88,Amanda Richardson,nathaniel21@example.com,Support,1969-11-20,Other,5165,23,Delhi,Full-time,2018-06-20
89,Austin Richardson,moniquerobinson@example.org,Sales,1985-09-28,Male,59298,1,Bangalore,Contract,2017-01-04
90,Mitchell Ramirez,jacksonronald@example.com,Marketing,1965-01-27,Male,93361,15,Hyderabad,Part-time,2016-03-21
91,Mr. Cole Roberts,travis40@example.net,HR,1971-09-08,Female,42913,22,Pune,Intern,2018-07-24
92,Kimberly Fuentes,ugonzalez@example.net,Finance,1964-08-04,Male,134129,32,Mumbai,Contract,2018-05-30
93,James Odonnell,valeriebrady@example.net,HR,1985-04-28,Female,127418,11,Bangalore,Full-time,2024-09-28
94,Gregory Graves,ashley16@example.org,HR,1998-02-11,Other,84850,28,Mumbai,Contract,2024-12-30
95,Mrs. Debra Baker,rebeccajackson@example.net,IT,1979-06-30,Male,74747,27,Chennai,Intern,2016-05-15
96,Todd Valencia,sweeneykimberly@example.net,IT,1974-08-22,Female,83816,1,Chennai,Full-time,2021-08-11
97,Danny Peters,melendezfrederick@example.org,HR,1978-04-14,Male,138881,16,Pune,Full-time,2022-04-27
98,Brandy Morales,jessicawatson@example.com,Support,1992-06-30,Male,122667,31,Chennai,Full-time,2016-06-02
99,Matthew Johnson,alexander07@example.net,Marketing,1998-12-14,Male,125272,35,Chennai,Contract,2024-07-15
100,Emily Brooks,johnstonangela@example.com,Support,1976-02-04,Male,63470,8,Bangalore,Full-time,2020-05-28
101,Krystal Melendez,brandon41@example.com,Support,1996-03-28,Female,104936,34,Chennai,Freelancer,2019-02-19
102,Miss Tamara Webb MD,shaun18@example.org,Marketing,2002-04-29,Other,79303,1,Pune,Intern,2021-03-05
103,Eric Burton,katiesmall@example.com,Sales,1987-05-06,Other,139016,18,Mumbai,Freelancer,2022-04-14
104,Michelle Goodwin,derekduncan@example.com,Sales,1972-06-03,Other,103940,3,Hyderabad,Contract,2019-10-10
105,Michael Smith,terrellbrian@example.com,Finance,1993-08-18,Female,143109,19,Delhi,Contract,2019-12-30
106,Veronica Baldwin,james32@example.com,HR,1991-01-10,Male,72438,22,Delhi,Freelancer,2019-12-07
107,Courtney Carter,vickireynolds@example.net,Support,1974-03-09,Other,122789,13,Chennai,Freelancer,2020-03-10
108,Christian Smith,clarkdavid@example.net,Marketing,1990-04-15,Other,30942,28,Bangalore,Freelancer,2016-08-12
109,Kelly Beard,lonnie82@example.org,Sales,1967-02-11,Male,111240,18,Bangalore,Freelancer,2019-08-23
110,Regina Jones,oscott@example.org,Support,1997-01-01,Other,95004,26,Pune,Freelancer,2020-07-01
111,Randy Ortiz,josephhayes@example.com,Finance,2003-04-12,Other,72525,32,Mumbai,Intern,2025-03-14
112,Jonathan Montoya,brandy03@example.com,IT,1968-11-14,Other,90381,17,Chennai,Part-time,2023-07-09
113,Kenneth Kelly,samueltorres@example.org,Finance,1989-03-07,Other,68368,8,Chennai,Part-time,2019-04-19
114,Zachary Poole,austin49@example.net,Sales,2000-01-05,Female,61718,20,Chennai,Contract,2019-12-29
115,Jason Baker,matthew12@example.com,Sales,1995-01-06,Female,69932,23,Chennai,Full-time,2024-05-27
116,Erin Martinez,johnsonsheila@example.org,IT,1988-08-02,Female,55138,33,Pune,Full-time,2016-03-12
117,Brendan Marquez,tylergeorge@example.net,HR,1988-12-31,Female,101653,14,Mumbai,Intern,2021-09-22
118,Corey Simmons,garnermatthew@example.org,Finance,1987-09-16,Male,95846,31,Pune,Part-time,2022-10-10
119,Ruben Smith,nicolevaldez@example.com,Support,1968-06-20,Unknown,96954,1,Hyderabad,Contract,2023-07-18
120,Kristen Ward,georgecynthia@example.net,Marketing,1979-10-15,Female,112846,1,Hyderabad,Full-time,2017-05-13
121,Maria Mason,gporter@example.com,HR,1994-03-16,Female,45321,21,Chennai,Part-time,2020-11-18
122,Kayla Price,lucas90@example.org,Marketing,1995-04-29,Unknown,35393,1,Chennai,Contract,2022-04-01
123,Luis Scott,brian34@example.org,Finance,1986-10-22,Male,137612,11,Bangalore,Intern,2025-04-17
124,Heather Soto,erinmaynard@example.com,Finance,1966-10-23,Male,149721,28,Hyderabad,Part-time,2021-10-11
125,Taylor Lewis,nguyencrystal@example.com,Finance,1975-04-15,Female,94647,16,Hyderabad,Intern,2021-06-11
126,Erik Smith,marquezpedro@example.org,HR,2003-07-07,Male,78588,20,Pune,Part-time,2023-04-16
127,Joshua Cross,pmeyer@example.org,Sales,1998-01-31,Female,106765,19,Bangalore,Part-time,2015-10-24
128,Julie Peterson,sierra50@example.org,HR,1988-03-12,Female,59275,23,Bangalore,Part-time,2019-07-20
129,Paula Lane,oclayton@example.org,Marketing,1972-10-15,Female,111858,3,Pune,Contract,2018-01-01
130,Michael Nichols,meghan86@example.org,IT,1970-08-01,Male,135292,8,Chennai,Full-time,2022-10-12
131,Cory Sullivan,qanderson@example.net,Support,1977-08-06,Other,99410,35,Chennai,Contract,2021-10-05
132,Roberta Garza,rbaker@example.com,IT,1978-07-20,Other,37866,17,Mumbai,Part-time,2020-04-25
133,Gina West,pattyjohnson@example.net,Sales,1977-07-06,Unknown,49141,21,Delhi,Full-time,2019-06-12
134,Meghan Acosta,gardnerrebecca@example.com,Support,1990-04-03,Other,69257,12,Delhi,Full-time,2022-09-01
135,Jared Zhang,andreacrosby@example.org,Support,1993-09-18,Other,79421,2,Chennai,Part-time,2019-12-23
136,Sarah Moreno,harrisdavid@example.com,Sales,1965-03-17,Male,67462,33,Mumbai,Intern,2015-12-14
137,Austin Scott,simpsonpamela@example.net,Sales,1976-02-13,Female,55067,4,Mumbai,Intern,2017-05-04
138,John Phillips,garrisonadam@example.org,Support,1987-06-19,Female,93876,3,Chennai,Part-time,2022-07-24
139,Mrs. Melissa Thompson,brooksjeremy@example.org,Sales,1971-03-01,Male,70485,21,Hyderabad,Full-time,2017-12-12
140,Michelle James,jfoster@example.org,Finance,1987-01-20,Male,57644,34,Delhi,Part-time,2020-08-10
141,Olivia Haynes MD,bwilliams@example.net,Sales,1987-07-18,Female,111874,30,Pune,Full-time,2017-09-17
142,Samantha Perry,castillorachel@example.org,Marketing,1998-02-12,Unknown,63143,3,Delhi,Full-time,2020-01-24
143,Victoria Hatfield,matthewgriffin@example.net,Sales,1971-04-06,Female,77361,24,Chennai,Full-time,2017-01-22
144,Margaret Armstrong,jasonwilliams@example.net,Marketing,1969-05-08,Female,123326,17,Chennai,Intern,2025-02-07
145,Randall Wilkins,brittney53@example.com,Marketing,1965-04-29,Other,38631,7,Pune,Full-time,2016-08-23
146,Heather Park,alvaradokimberly@example.net,Support,1975-01-06,Male,97639,34,Mumbai,Full-time,2017-02-01
147,Kristin Barnes,gary43@example.net,IT,1969-03-21,Female,96545,29,Chennai,Contract,2016-12-20
148,Joshua Johnson,kwebster@example.com,HR,1967-07-26,Female,71032,1,Hyderabad,Contract,2015-10-06
149,Nathan Wright,stantonandre@example.com,HR,1971-12-13,Other,114296,20,Chennai,Part-time,2016-06-14
150,Danielle Herring,patrickdaniel@example.net,Finance,1982-01-10,Male,103023,17,Bangalore,Contract,2023-11-15
151,Robert Nguyen,lhood@example.net,HR,1973-09-07,Female,97766,33,Delhi,Intern,2017-09-25
152,Brian Villanueva,amyschneider@example.com,Sales,1966-07-19,Female,1525,2,Hyderabad,Full-time,2017-05-14
153,Miranda Robertson,samuelleblanc@example.org,Marketing,1965-08-16,Other,36950,31,Mumbai,Part-time,2019-04-13
154,Dillon Bowers,thall@example.org,Finance,1993-02-25,Other,120535,26,Bangalore,Contract,2023-06-05
155,Thomas Patterson,michael86@example.net,IT,1990-01-14,Other,30243,35,Bangalore,Contract,2015-09-20
156,Alyssa Morgan,paulmorgan@example.com,IT,1969-03-26,Unknown,95732,9,Hyderabad,Intern,2017-08-04
157,Jill Williams,nreynolds@example.org,Sales,1998-06-14,Female,6510,12,Hyderabad,Part-time,2020-07-19
158,Courtney Parker,lawrence00@example.com,Sales,1969-02-10,Female,12733,15,Hyderabad,Part-time,2020-05-14
159,Joseph Wilson,tammy68@example.net,IT,1997-08-11,Other,115186,16,Bangalore,Part-time,2019-03-07
160,Henry Fields,monica46@example.com,Finance,1967-11-06,Female,103604,5,Delhi,Full-time,2016-06-21
161,Ralph Mercer,dawnfreeman@example.com,Finance,1994-09-03,Female,101389,8,Mumbai,Full-time,2023-11-08
162,Adrienne Carter,dellis@example.net,Support,1988-04-14,Female,55923,33,Hyderabad,Intern,2021-06-17
163,Christopher Walters,marcussimmons@example.com,HR,1993-07-05,Other,41567,16,Hyderabad,Part-time,2024-09-04
164,Christopher Patel,kimberly47@example.org,Finance,1983-10-30,Male,113852,9,Pune,Part-time,2022-03-14
165,Gloria Mathis,harrisbrent@example.net,Support,1966-01-07,Male,139716,27,Mumbai,Contract,2018-08-09
166,Kristin Carter,bnavarro@example.com,Sales,1970-02-06,Other,8066,18,Hyderabad,Part-time,2022-06-10
167,Tony Ramos,andersonemily@example.com,Finance,1999-05-06,Female,48184,30,Chennai,Part-time,2017-11-11
168,Michele Hayes,haleyroberts@example.com,Support,1995-12-27,Unknown,102578,30,Pune,Full-time,2016-02-07
169,John Owens,mary81@example.org,Sales,1966-02-26,Female,12797,25,Chennai,Part-time,2018-08-03
170,Kimberly Ruiz,mark88@example.net,IT,1997-05-31,Other,82405,34,Chennai,Part-time,2023-12-05
171,Trevor Harris,kim46@example.net,Sales,1979-08-18,Other,12649,0,Bangalore,Part-time,2017-12-30
172,Douglas Smith,ysmith@example.org,IT,1983-12-30,Male,114052,7,Pune,Part-time,2023-08-16
173,David Gutierrez,jillweber@example.org,IT,1997-04-09,Female,56008,5,Hyderabad,Part-time,2021-03-04
174,Rachel Brown,brittanywilliams@example.net,Sales,1971-01-27,Other,8947,28,Bangalore,Intern,2024-03-04
175,Adam Christian,burnsmatthew@example.net,Finance,1976-09-23,Other,85464,6,Chennai,Freelancer,2024-03-08
176,Alexandra Goodman,karen63@example.net,Sales,1980-09-04,Female,14268,21,Delhi,Freelancer,2021-12-25
177,Christine Peck,nhill@example.org,Marketing,1968-02-11,Male,94410,25,Pune,Intern,2019-01-08
178,Joshua Green,amy93@example.org,Sales,1971-09-19,Male,8947,28,Chennai,Contract,2024-10-27
179,Briana Houston,xlewis@example.org,HR,1975-08-19,Male,131889,5,Hyderabad,Full-time,2015-08-22
180,Diane Rogers,wendyswanson@example.com,Marketing,1964-12-10,Male,115870,25,Mumbai,Freelancer,2018-04-04
181,Jessica Austin,smartin@example.org,IT,1993-11-09,Male,139954,27,Bangalore,Contract,2017-06-26
182,Kimberly Mills,eowens@example.com,Support,1973-04-21,Unknown,4504,15,Mumbai,Full-time,2016-01-14
183,James Little DDS,jennifer27@example.org,Finance,1975-05-24,Female,128576,7,Delhi,Freelancer,2017-08-17
184,Corey Nielsen,mark26@example.com,Support,1974-08-30,Female,9484,0,Delhi,Full-time,2020-08-25
185,Cynthia Brown,matthew61@example.net,Support,1980-06-07,Female,4179,6,Delhi,Full-time,2019-06-03
186,Russell Long,qmorgan@example.org,Marketing,1994-05-29,Male,74119,10,Pune,Contract,2021-07-31
187,Wendy Hobbs,currymelvin@example.com,Support,1991-07-26,Male,4815,35,Chennai,Freelancer,2022-06-10
188,Carla Carroll,vhughes@example.net,HR,1969-06-23,Male,96107,15,Hyderabad,Freelancer,2020-06-17
189,Heather Sanford,umoore@example.net,IT,1985-09-20,Female,100038,12,Chennai,Contract,2016-08-20
190,Keith Bradshaw,julia04@example.net,HR,1968-12-22,Male,58624,3,Pune,Freelancer,2018-04-03
191,William Tapia,michaelhumphrey@example.net,Finance,1996-08-29,Male,148721,12,Bangalore,Contract,2018-07-23
192,Jenny Smith,joshuaespinoza@example.org,Marketing,1995-08-06,Female,58721,11,Bangalore,Intern,2022-11-02
193,Jerry Schroeder,stuart04@example.com,HR,2000-10-26,Male,45533,11,Mumbai,Freelancer,2023-09-27
194,Gregory Hernandez,nicolebaker@example.net,Marketing,1981-03-18,Male,57356,32,Delhi,Contract,2017-05-18
195,Paul Padilla,brianna59@example.net,Finance,2002-03-05,Other,127548,35,Hyderabad,Intern,2021-10-27
196,Rebecca Collins,donaldpotts@example.com,Finance,1973-07-14,Female,127916,6,Hyderabad,Intern,2019-08-05
197,Misty Gonzales,mejiadawn@example.org,Marketing,1988-05-16,Other,144885,20,Chennai,Part-time,2022-02-23
198,Thomas Dunn,stephaniewhite@example.com,Finance,1985-08-29,Female,107018,0,Chennai,Intern,2018-03-09
199,William Aguirre,andrew17@example.org,Marketing,1990-03-19,Unknown,124447,20,Bangalore,Part-time,2021-01-24
200,Dylan Davis,kleinkrista@example.com,Finance,1975-03-26,Male,34632,34,Pune,Part-time,2017-02-13
201,Peggy Arnold,justincastillo@example.com,Finance,1974-02-26,Female,124698,1,Bangalore,Intern,2019-10-10
202,Glenn Johnson,ogutierrez@example.org,IT,2003-06-05,Female,50146,0,Chennai,Intern,2019-09-02
203,Cheyenne Aguirre,tprice@example.com,Support,1969-11-21,Female,89252,15,Hyderabad,Contract,2022-05-16
204,Jennifer Strong,david49@example.org,Support,1981-10-27,Female,108738,30,Hyderabad,Contract,2019-12-27
205,Lisa Kelly,bethberry@example.org,IT,1991-04-27,Female,45026,18,Chennai,Full-time,2019-01-08
206,Troy Barnes,elopez@example.org,Support,1996-08-04,Other,118779,35,Hyderabad,Contract,2017-06-24
207,Heather James,spencemonique@example.com,Finance,1998-03-17,Other,119857,26,Bangalore,Full-time,2022-02-27
208,Rebecca Hatfield,aaron02@example.net,Marketing,1965-07-23,Other,86625,10,Chennai,Full-time,2022-05-05
209,Alexander Rowland,donaldwilliams@example.com,Support,1984-12-09,Unknown,138548,25,Bangalore,Part-time,2021-08-27
210,Robert Reynolds,whitekathy@example.org,Support,1975-07-15,Male,88800,2,Pune,Part-time,2019-09-17
211,Patricia Holmes,chelsea41@example.org,Support,1984-10-03,Female,55962,33,Hyderabad,Contract,2021-02-02
212,Jeffrey Wang,garciajustin@example.org,Marketing,1982-09-23,Male,97033,21,Pune,Intern,2023-05-11
213,Benjamin Austin,andrewfernandez@example.net,Finance,1999-03-12,Male,95024,21,Pune,Part-time,2024-07-11
214,Joshua Anderson,benjamin81@example.com,HR,1997-02-20,Female,62797,35,Hyderabad,Full-time,2016-02-21
215,Brittany Taylor,mark99@example.org,Marketing,1974-08-24,Female,45222,33,Pune,Contract,2017-05-07
216,Anne Harvey,logan19@example.com,Finance,1978-09-01,Female,60253,33,Chennai,Contract,2025-07-12
217,David Chapman,pleon@example.net,Sales,1966-03-05,Male,34694,31,Bangalore,Part-time,2016-11-19
218,Karen Rhodes,bowerssherry@example.com,Marketing,1986-02-09,Female,38397,2,Bangalore,Intern,2018-09-18
219,Stacey Gordon,nancypowers@example.org,HR,2002-09-29,Male,110505,3,Chennai,Contract,2021-04-11
220,Brandon Ford,carol81@example.com,Sales,2003-04-14,Female,31748,29,Mumbai,Part-time,2022-06-26
221,David Scott,jorge30@example.com,HR,1995-12-03,Male,74751,25,Bangalore,Contract,2016-08-06
222,Mary Anderson,borr@example.org,IT,1981-01-06,Female,55758,24,Chennai,Intern,2019-03-14
223,Jessica Cook,lindseysandoval@example.com,HR,1995-01-14,Male,114220,33,Pune,Part-time,2022-06-10
224,Aaron Turner,umills@example.org,Finance,1995-05-13,Other,85642,12,Pune,Full-time,2020-11-02
225,Alejandro Bailey,molly83@example.com,Sales,1971-10-30,Other,41600,24,Chennai,Contract,2018-07-22
226,David Joseph,paigemacias@example.com,HR,1968-03-03,Male,94331,8,Delhi,Contract,2020-07-16
227,Brian Shaw,dmartin@example.org,IT,1988-01-09,Other,103546,13,Bangalore,Part-time,2020-04-16
228,Jeffery Bell,ashleymolina@example.net,Support,1995-03-05,Female,11213,4,Mumbai,Intern,2020-10-12
229,Rachel Conley,duranapril@example.com,Marketing,1990-11-07,Unknown,84914,14,Mumbai,Contract,2019-03-11
230,Kenneth Kirk,peter20@example.org,Finance,1990-07-13,Female,79076,11,Delhi,Full-time,2022-11-07
231,Michelle Miles,jacklopez@example.net,HR,1998-02-25,Male,107581,3,Hyderabad,Contract,2018-07-30
232,Vincent Davis,williamterry@example.com,IT,1982-02-15,Female,74211,23,Mumbai,Intern,2018-03-28
233,Donald Buckley,mlewis@example.net,Finance,1994-05-20,Male,32288,30,Delhi,Intern,2019-02-06
234,Kaitlyn Burton MD,victoriasmith@example.net,Marketing,1976-06-22,Male,106507,29,Bangalore,Intern,2019-09-30
235,Jeffery Collins,joshua97@example.net,Marketing,1967-08-23,Female,30561,20,Delhi,Part-time,2022-07-12
236,Jessica Mason,samuelhall@example.org,Marketing,1976-01-25,Male,106186,18,Hyderabad,Intern,2016-09-21
237,Darren Johnson,michelle84@example.net,Finance,1992-09-17,Male,58751,20,Bangalore,Intern,2018-10-10
238,Sharon Anderson,pinedarobert@example.org,Finance,1966-07-04,Male,113064,14,Delhi,Intern,2024-07-05
239,David Ryan,zrobertson@example.net,HR,1983-12-02,Other,98078,11,Hyderabad,Full-time,2018-01-16
240,Ricky Barnes,mackenziehill@example.net,Sales,1967-09-09,Male,98917,31,Chennai,Full-time,2017-12-11
241,Daniel Morales,stacy03@example.org,Finance,1984-11-18,Other,122537,9,Chennai,Contract,2017-08-09
242,Peter Kim,carl52@example.com,Sales,1969-02-11,Male,67040,10,Hyderabad,Full-time,2022-04-24
243,Julia Jordan,tadams@example.net,Sales,1977-01-26,Female,137285,23,Chennai,Intern,2015-07-16
244,Natalie Carlson,tabithaeverett@example.org,Sales,1967-05-22,Other,130043,19,Chennai,Part-time,2019-07-10
245,Lawrence Townsend,holtangel@example.net,IT,1994-06-20,Other,48515,2,Chennai,Contract,2020-09-28
246,Nathan Sanford,leerichard@example.net,Finance,2002-09-28,Female,125311,13,Mumbai,Part-time,2024-12-12
247,Michael Miller,armstrongstephen@example.net,Marketing,1996-10-21,Male,127864,7,Hyderabad,Intern,2021-09-28
248,Steven Mckee,courtney90@example.net,IT,1996-07-30,Other,33163,28,Hyderabad,Part-time,2024-01-01
249,Sherri Holt,tara44@example.org,Support,1997-08-16,Male,6396,14,Chennai,Part-time,2024-01-12
250,Matthew Saunders,osbornderrick@example.net,HR,1981-09-11,Female,84943,26,Pune,Contract,2024-09-24
251,Dr. Matthew Webster,vincentvargas@example.org,Support,1974-12-16,Male,6651,33,Delhi,Full-time,2015-11-22
252,Jasmine Rosales,lestertheresa@example.org,Marketing,1989-04-23,Male,58220,33,Delhi,Intern,2018-03-15
253,Gregory Obrien,kimberly99@example.org,Marketing,2002-09-16,Male,72579,22,Hyderabad,Intern,2025-05-26
254,Charles Lamb,pmoss@example.net,Finance,1978-12-14,Male,84672,35,Delhi,Intern,2018-09-27
255,Michelle Brown,scottdavis@example.net,Sales,1976-11-26,Female,89989,27,Pune,Intern,2019-08-03
256,Aaron Green,trujillomichael@example.org,Marketing,1967-01-26,Unknown,137101,3,Delhi,Part-time,2019-12-18
257,Jennifer Diaz,christywilliams@example.com,IT,1995-08-29,Other,72620,25,Pune,Part-time,2024-12-23
258,Kenneth Collins,douglas04@example.org,IT,1998-07-06,Other,144482,15,Pune,Intern,2019-08-18
259,James Ford,jeffersondennis@example.net,Sales,1974-12-10,Female,121466,29,Mumbai,Full-time,2021-11-21
260,Megan Watkins,mitchelllaura@example.net,IT,1973-10-09,Female,142212,1,Bangalore,Full-time,2017-12-03
261,Betty Norton,matthewmathews@example.com,Marketing,1995-10-18,Other,93165,9,Chennai,Full-time,2020-07-04
262,Micheal Taylor,jfields@example.org,HR,1999-10-03,Other,43117,10,Delhi,Full-time,2020-06-01
263,Cheryl Graham,sbarker@example.net,HR,1990-10-05,Other,81807,29,Pune,Contract,2019-07-31
264,Gary Fisher,jeffrey27@example.com,IT,2002-04-01,Other,135362,23,Pune,Intern,2016-09-08
265,Thomas Riley,dawsonjennifer@example.com,Support,1983-02-03,Other,13284,14,Hyderabad,Full-time,2017-08-20
266,Matthew Hughes,carlos05@example.net,Sales,1971-03-17,Male,146166,13,Chennai,Contract,2015-09-14
267,Bruce Bennett,kristinfrancis@example.org,Marketing,1996-06-02,Other,87224,33,Delhi,Contract,2015-10-13
268,Jacob Roach,tranedward@example.net,Support,1986-01-08,Male,6027,18,Hyderabad,Full-time,2018-10-30
269,Bailey Hill,katherine89@example.net,Marketing,1993-05-13,Male,49997,10,Bangalore,Full-time,2016-08-05
270,Robert Hancock,josehoward@example.org,Support,1974-08-24,Male,7367,25,Mumbai,Part-time,2021-08-03
271,William Howard,thomasthomas@example.org,HR,1981-04-02,Male,124440,2,Mumbai,Full-time,2019-03-27
272,Lindsey Robinson DDS,kmoreno@example.org,HR,1972-10-04,Female,45380,1,Hyderabad,Full-time,2020-11-22
273,Jesus Duran,jerryjones@example.com,Finance,1970-01-08,Male,53294,8,Pune,Intern,2024-02-14
274,Jeremy Hammond,johnsonstacy@example.org,Finance,1977-08-29,Unknown,106001,11,Chennai,Intern,2016-01-29
275,Ronald Strickland,lewiserin@example.com,HR,1971-07-01,Male,105830,24,Bangalore,Intern,2020-11-04
276,Robert Shields,ryanburnett@example.net,Support,1984-07-09,Male,145077,4,Pune,Part-time,2020-07-04
277,Christopher Harrison,hannah09@example.org,IT,1977-05-26,Other,138744,9,Mumbai,Part-time,2017-07-13
278,Shirley Ward,angelasimpson@example.net,Support,1988-01-08,Male,101281,33,Bangalore,Contract,2024-05-10
279,Mitchell Davis,norma74@example.com,Finance,1967-12-14,Female,128280,12,Bangalore,Contract,2017-06-29
280,Michael Patrick,richardallen@example.net,Sales,1966-04-05,Other,82729,33,Delhi,Full-time,2017-02-17
281,Adrian Diaz,balldanny@example.org,Finance,1969-03-31,Other,111581,5,Pune,Contract,2017-09-24
282,Caleb Kidd,mnguyen@example.net,HR,1991-02-23,Male,94762,32,Bangalore,Part-time,2022-03-29
283,Ricardo Martin,joseph83@example.net,HR,1996-07-03,Female,62547,24,Bangalore,Intern,2018-06-29
284,Stacy Ferguson,jordan83@example.com,HR,1973-11-21,Male,48275,35,Pune,Full-time,2023-02-13
285,Kevin Peterson,deannatapia@example.com,Finance,2001-06-18,Male,123306,34,Chennai,Full-time,2021-09-21
286,Charles Velazquez,jramos@example.com,HR,1974-02-23,Male,97761,11,Hyderabad,Contract,2021-06-12
287,James Bennett,aguerrero@example.net,Finance,1999-03-28,Other,63222,3,Bangalore,Intern,2023-12-25
288,Kristen Wilkins,timothysmith@example.com,Finance,1984-11-20,Female,44385,8,Delhi,Part-time,2017-02-12
289,Kelsey Reynolds,jeffreymurray@example.com,Sales,1998-03-06,Male,64497,13,Pune,Full-time,2016-12-09
290,Megan Mayer,ryannorman@example.net,Sales,1994-02-20,Unknown,98005,15,Pune,Full-time,2015-10-03
291,April Harmon,nicolefigueroa@example.net,HR,1972-01-10,Female,57848,16,Bangalore,Full-time,2024-07-27
292,Stephen Webb,linda87@example.com,Finance,1990-07-25,Female,77020,8,Pune,Contract,2021-08-13
293,David Weber,jason26@example.org,IT,2002-08-13,Male,44500,3,Chennai,Part-time,2016-01-03
294,Angela Chen,lisa13@example.org,Finance,2002-06-02,Other,51768,14,Hyderabad,Contract,2015-08-14
295,Eugene Clark,usteele@example.net,Support,1974-05-04,Female,68174,6,Delhi,Contract,2017-11-15
296,Cheyenne Brady,rochaashley@example.net,Marketing,1994-07-14,Female,62066,9,Hyderabad,Contract,2020-04-09
297,George Hatfield,uwaller@example.net,Support,1981-12-14,Male,145662,2,Delhi,Part-time,2016-11-06
298,Teresa Morgan,dayvictor@example.com,Sales,2002-11-28,Male,144621,31,Pune,Full-time,2016-10-17
299,Roger Butler,shannon82@example.com,Sales,1978-05-09,Male,78135,35,Chennai,Intern,2018-05-17
300,Mikayla Mcmillan,abuckley@example.com,Support,1994-09-19,Unknown,57165,27,Mumbai,Intern,2019-12-18
